FID,lat,lon,Avg_m2pr_1
0,55.5845985,12.6556997,17750
1,55.5838013,12.6577997,15926.28289
2,55.5858002,12.6599998,21081.28628
3,55.5872002,12.6602001,19767.44186
4,55.5863991,12.6622,19186.04651
5,55.5919991,12.6584997,16246.87005
6,55.593399,12.6585999,17051.42857
7,55.5936012,12.6732998,19767.44186
8,55.5942993,12.6712999,20942.2648
9,55.5956993,12.6714001,17631.57895
10,55.6114998,12.3592997,13170.76135
11,55.6120987,12.3613997,11410.87043
12,55.6128998,12.3593998,11608.54189
13,55.6127014,12.3635998,12763.10562
14,55.6147003,12.3657999,11521.32142
15,55.6139984,12.3678999,11630.68691
16,55.6153984,12.368,14875
17,55.6194,12.3683004,14408.60215
18,55.6231995,12.3811998,13328.79762
19,55.6237984,12.3832998,12351.50181
20,55.6253014,12.3793001,10981.35924
21,55.6245003,12.3813,12620.35324
22,55.6251984,12.3835001,12509.30578
23,55.6267014,12.3794003,13250.1801
24,55.6264992,12.3836002,11722.08312
25,55.6258011,12.3856001,12900.57195
26,55.6273003,12.3815002,12102.8374
27,55.6288986,12.4925003,14897.3064
28,55.6299019,12.4821997,12837.83784
29,55.6258011,12.6239996,16343.28358
30,55.6264,12.6261997,14923.34406
31,55.6332016,12.4886999,15263.88889
32,55.6338005,12.4909,14959.63766
33,55.6309013,12.6140003,16541.97684
34,55.6301003,12.6161003,17338.70968
35,55.6357994,12.4931002,14639.00923
36,55.6307983,12.6412001,13309.85915
37,55.6314011,12.6434002,16343.05506
38,55.6369019,12.4785995,15927.16049
39,55.6375008,12.4806995,11756.13831
40,55.6327019,12.6204996,14988.06035
41,55.6320992,12.6413002,16141.25956
42,55.6327019,12.6435003,16807.20732
43,55.638401,12.4975996,16156
44,55.6341019,12.6205997,15732.20974
45,55.6346016,12.6268997,17121.21212
46,55.6334991,12.6415005,16986.08177
47,55.6341019,12.6436005,16388.26477
48,55.6334,12.6456003,18287.67123
49,55.6397018,12.4976997,12929.26791
50,55.6355019,12.6206999,16279.2542
51,55.6352997,12.6248999,17333.33333
52,55.6371994,12.6314001,16776.37842
53,55.6367989,12.6438999,15303.78673
54,55.6366997,12.6479998,17876.88636
55,55.6437988,12.4519997,14823.00885
56,55.6417007,12.5,15190.7875
57,55.639801,12.5897999,16018.78276
58,55.6375008,12.6459999,16428.83269
59,55.6404991,12.5876999,16447.36842
60,55.6397018,12.6169004,11436.18852
61,55.6395988,12.6211004,7673.267327
62,55.6388016,12.6462002,16431.39901
63,55.6450005,12.4792995,15733.33333
64,55.6450996,12.5023003,14935.22013
65,55.6409988,12.6170998,14962.7453
66,55.6405983,12.6337996,17336.11702
67,55.6467018,12.4940996,15804.0321
68,55.6450996,12.5254002,17071.03957
69,55.6456985,12.5275002,15192.17262
70,55.6479988,12.4941998,15477.30622
71,55.6464996,12.5255003,17138.82117
72,55.6469002,12.5318003,13716.81416
73,55.6445007,12.6153002,16479.64729
74,55.6495018,12.4902,16222.5265
75,55.6487999,12.4921999,16125.08958
76,55.6478004,12.5256004,15307.44379
77,55.6483994,12.5277996,15991.82695
78,55.6477013,12.5298004,17325.80692
79,55.6483002,12.5319004,16646.85194
80,55.6475983,12.5340004,15283.60122
81,55.6453018,12.6133003,16169.95976
82,55.6459007,12.6154003,17659.10151
83,55.6450996,12.6174002,16742.72143
84,55.6458015,12.6196003,17233.15135
85,55.6547012,12.3525,12578.94737
86,55.6509018,12.4903002,17288.99106
87,55.6498985,12.5236998,15805.27348
88,55.6492004,12.5256996,15578.33097
89,55.6497993,12.5278997,15019.03432
90,55.6491013,12.5298996,16887.62815
91,55.6472015,12.6155005,18048.36864
92,55.6464996,12.6176004,18103.48806
93,55.6469994,12.6239004,15753.42466
94,55.6463013,12.6259003,16687.22455
95,55.6459999,12.6343002,16621.57417
96,55.6553001,12.3547001,11097.5134
97,55.6547012,12.4027004,11791.66667
98,55.6526985,12.4736996,14107.23708
99,55.6515999,12.4883003,18425.53191
100,55.6521988,12.4904003,16249.33221
101,55.6520996,12.4946003,12976.19048
102,55.6514015,12.4966002,15510.94057
103,55.6505013,12.5258999,16713.98807
104,55.6487007,12.6114998,18139.00613
105,55.6479988,12.6134996,17430.34056
106,55.6475983,12.6260004,17986.11111
107,55.6533012,12.4758997,14729.72973
108,55.6539993,12.4779997,14794.52055
109,55.6531982,12.4800997,14951.29704
110,55.653801,12.4821997,15684.93151
111,55.6526985,12.4968004,14342.06472
112,55.6501007,12.5886002,17764.70588
113,55.6495018,12.6094999,18653.33333
114,55.6492996,12.6135998,15725.92593
115,55.6492004,12.6177998,18096.75889
116,55.6491013,12.6219997,13380.93371
117,55.6489983,12.6261997,18057.8572
118,55.6593018,12.3361998,15434.78261
119,55.6547012,12.4759998,15500
120,55.6553001,12.4780998,13889.31169
121,55.6545982,12.4801998,15130.92474
122,55.6549988,12.4906998,12784.35796
123,55.6515007,12.6117001,16934.68672
124,55.6506996,12.6138,17159.72222
125,55.6512985,12.6159,14376.88708
126,55.6506004,12.6178999,17567.56757
127,55.6505013,12.6220999,14185.68889
128,55.6605988,12.3362999,16140.23238
129,55.6567993,12.4741001,14696.40765
130,55.6553001,12.5011997,16100
131,55.6549988,12.5367002,16229.88349
132,55.6530991,12.6035004,17499.81377
133,55.6528015,12.6119003,15384.17955
134,55.6526985,12.6160002,17142.68381
135,55.6520004,12.6181002,18222.40566
136,55.6525993,12.6202002,16777.14049
137,55.6517982,12.6222,17460.31746
138,55.6594009,12.4052,12570.39007
139,55.6599998,12.4074001,15870.43697
140,55.6562004,12.5179996,15884.591
141,55.6563988,12.5368004,16545.52058
142,55.653801,12.6014996,16357.0719
143,55.6543999,12.6035995,16191.41919
144,55.6542015,12.6120005,16065.6926
145,55.6534004,12.6140003,15922.82971
146,55.6533012,12.6182003,16706.99684
147,55.6539001,12.6203003,13968.53918
148,55.6531982,12.6224003,17261.93859
149,55.653801,12.6245003,15702.28944
150,55.6608009,12.4054003,15316.2465
151,55.6595993,12.4701996,14937.31384
152,55.6589012,12.4722004,15247.75641
153,55.6595001,12.4743004,14633.45104
154,55.6575012,12.5222998,12916.66667
155,55.655899,12.5995998,16028.36378
156,55.655201,12.6015997,15906.80597
157,55.6557999,12.6037998,16432.20339
158,55.6548996,12.6099997,15144.95269
159,55.6554985,12.6120996,16743.06092
160,55.6548004,12.6141005,13913.57011
161,55.6553993,12.6162996,14461.36561
162,55.6547012,12.6183004,16677.72821
163,55.6621017,12.4055004,15801.28205
164,55.6603012,12.4722996,15631.59588
165,55.6607018,12.4827995,15584.29674
166,55.6598015,12.4890003,15833.33333
167,55.6604004,12.4912004,16858.63861
168,55.6567001,12.5976,13569.59185
169,55.6565018,12.6016998,14680.85106
170,55.6563988,12.6058998,16459.50469
171,55.6570015,12.6080999,16781.6092
172,55.6562996,12.6100998,17292.05152
173,55.6568985,12.6121998,16797.75281
174,55.6640015,12.3888998,14456.43845
175,55.6636009,12.4013996,12064.99235
176,55.6621017,12.4556999,13898.0435
177,55.6623993,12.4703999,16857.14286
178,55.6613998,12.4807997,15684.18857
179,55.6619987,12.4828997,15985.68316
180,55.6618996,12.4870996,16810.34483
181,55.6612015,12.5122004,16840.77463
182,55.6603012,12.5184002,17544.45637
183,55.6609001,12.5205002,15971.02826
184,55.6580009,12.5977001,15861.53846
185,55.6585999,12.5998001,16833.62995
186,55.6577988,12.6059999,15775.68713
187,55.6584015,12.6082001,16363.63636
188,55.6580009,12.6206999,17351.97772
189,55.657299,12.6227999,17490.38462
190,55.6579018,12.6248999,12161.54808
191,55.6661987,12.3828001,13220.68875
192,55.6654015,12.3848,15385.34884
193,55.6660995,12.3870001,12014.05
194,55.6652985,12.3889999,12240.9612
195,55.6641006,12.4580002,13493.61648
196,55.6627007,12.5080996,16688.62412
197,55.6624985,12.5122995,16837.8956
198,55.6623993,12.5165005,15706.94815
199,55.6617012,12.5185003,16758.61355
200,55.6615982,12.5227003,12402.24514
201,55.6599998,12.6000004,16855.26862
202,55.6599007,12.6041002,15123.45679
203,55.6590996,12.6062002,18001.52273
204,55.6598015,12.6083002,15277.33845
205,55.6590004,12.6104002,14999.85901
206,55.6595993,12.6125002,16477.51355
207,55.6595001,12.6167002,17833.33333
208,55.6587982,12.6187,16855.6701
209,55.6585999,12.6229,19864.74359
210,55.6666985,12.3891001,14122.80702
211,55.6673012,12.3913002,15159.98074
212,55.6665993,12.3933001,13248.67539
213,55.667099,12.3996,14436.61972
214,55.6669006,12.408,14230.76923
215,55.6650009,12.4748001,16096.82447
216,55.6632996,12.5102997,16258.50796
217,55.6637993,12.5165997,13200.35055
218,55.6629982,12.5186005,17201.64538
219,55.6637001,12.5207996,16238.72185
220,55.6631012,12.5416002,17195.32575
221,55.6604004,12.6105003,17836.36233
222,55.6609993,12.6126003,15502.93211
223,55.6603012,12.6147003,17044.60911
224,55.6609001,12.6168003,20366.0797
225,55.660099,12.6188002,15822.21085
226,55.6607018,12.6210003,17115.13864
227,55.6599998,12.6230001,17358.63786
228,55.6605988,12.6252003,17473.41293
229,55.6701012,12.3413,14177.04082
230,55.6687012,12.3914003,12824.22439
231,55.6683006,12.4039001,15372.82609
232,55.6682014,12.4081001,12392.2549
233,55.6674995,12.4101,14321.34618
234,55.6680984,12.4123001,14678.28237
235,55.665699,12.4728003,15220.11718
236,55.6651001,12.5166998,16342.7551
237,55.6650009,12.5208998,16273.59712
238,55.6627998,12.5959997,15441.35493
239,55.6627007,12.6001997,16669.65013
240,55.6619987,12.6022997,12394.93039
241,55.6626015,12.6043997,18989.49561
242,55.6618996,12.6063995,18236.4883
243,55.6624985,12.6085997,18318.34182
244,55.6615982,12.6148005,13541.66667
245,55.661499,12.6190004,18311.40351
246,55.6613998,12.6231003,16092.02683
247,55.6612015,12.6273003,20426.23457
248,55.6713982,12.3414001,14346.3409
249,55.6707001,12.3434,12105.86094
250,55.6687012,12.4144001,14497.44898
251,55.6673012,12.4876003,14896.55036
252,55.6668015,12.5085001,16553.77188
253,55.6659012,12.5146999,21302.26578
254,55.6665001,12.5167999,14661.17118
255,55.6657982,12.5188999,16693.01511
256,55.6664009,12.5209999,16818.33411
257,55.665699,12.5460997,20872.09302
258,55.6649017,12.5481005,17789.85507
259,55.6655998,12.5502005,17998.6447
260,55.6647987,12.5523005,18074.58224
261,55.6654015,12.5544004,19228.20533
262,55.6646996,12.5564003,17101.97374
263,55.6647987,12.5753002,20653.84615
264,55.6646996,12.5795002,15941.55113
265,55.6641998,12.5962,17010.30928
266,55.6635017,12.5981998,15478.35042
267,55.6641006,12.6004,17481.33817
268,55.6632996,12.6023998,17638.06664
269,55.6640015,12.6044998,17818.70937
270,55.6632004,12.6065998,18617.87028
271,55.6637001,12.6128998,15879.02468
272,55.6629982,12.6148996,17161.44485
273,55.6636009,12.6170998,16768.20235
274,55.6727982,12.3415003,14545.76973
275,55.6720009,12.3435001,14677.67187
276,55.6688004,12.4834995,16348.67415
277,55.6680984,12.4856005,17364.40072
278,55.6687012,12.4877005,14292.04477
279,55.6679993,12.4897003,18090.90909
280,55.6685982,12.4919004,16927.89969
281,55.6679001,12.4939003,17456.14035
282,55.668499,12.4961004,18406.7
283,55.6677017,12.4981003,17319.27711
284,55.6680984,12.5086002,18361.91773
285,55.6674004,12.5106001,15641.82144
286,55.6673012,12.5148001,14997.67887
287,55.6679001,12.5169001,15289.62083
288,55.667099,12.5190001,17670.52976
289,55.6664009,12.5439997,19754.3036
290,55.6669998,12.5461998,20058.14174
291,55.6663017,12.5481997,18750.43209
292,55.6669006,12.5503998,19545.73629
293,55.6661987,12.5523996,19621.10439
294,55.6668015,12.5544996,18957.17434
295,55.6660004,12.5565996,20340.78433
296,55.6661987,12.5754004,20207.48558
297,55.6654015,12.5774002,15169.34855
298,55.6650009,12.5941,16900.83331
299,55.6655998,12.5963001,17449.63248
300,55.6647987,12.5983,17962.40595
301,55.6655006,12.6005001,12901.52567
302,55.6646996,12.6025,14728.57272
303,55.6646004,12.6066999,17153.64259
304,55.6651993,12.6087999,17161.64608
305,55.6651001,12.6129999,19260.48951
306,55.664299,12.6149998,17112.31704
307,55.6650009,12.6171999,16133.43948
308,55.6641998,12.6191998,17399.99123
309,55.671299,12.4461002,15046.57287
310,55.6711006,12.4502001,17283.95062
311,55.6707993,12.4628,13777.60989
312,55.6693993,12.4856997,15904.78382
313,55.6693001,12.4898996,15780.43866
314,55.6699982,12.4919996,15972.22222
315,55.6692009,12.4940004,15306.08553
316,55.6697998,12.4961996,19314.51613
317,55.6697006,12.5003996,19205.59734
318,55.6687012,12.5107002,17061.76248
319,55.6680984,12.5316,17925
320,55.6688004,12.5338001,21860.0551
321,55.6683998,12.5462999,19395.75018
322,55.6677017,12.5482998,18318.10952
323,55.6682014,12.5546999,14278.76106
324,55.6674004,12.5797005,17510.27659
325,55.6669006,12.5964003,17250.84082
326,55.6668015,12.6006002,18186.45362
327,55.6660995,12.6026001,18981.71825
328,55.6657982,12.6110001,17816.69531
329,55.6664009,12.6131001,15492.15984
330,55.665699,12.6152,16613.85229
331,55.6663017,12.6173,17316.23899
332,55.6661987,12.6215,15701.75439
333,55.6717987,12.4524002,14729.74
334,55.6721001,12.4629002,13943.66197
335,55.6720009,12.4671001,14448.57578
336,55.671299,12.4691,17047.16981
337,55.6719017,12.4712,17007.27869
338,55.6717987,12.4754,15789.47368
339,55.6716003,12.4837999,14067.79661
340,55.671299,12.4920998,15425.84075
341,55.6711998,12.4962997,17035.39823
342,55.6705017,12.4982996,18764.18316
343,55.6711006,12.5004997,18875.99051
344,55.6701012,12.5108995,19301.07527
345,55.6694984,12.5318003,20065.71581
346,55.6701012,12.5339003,18407.63138
347,55.6693993,12.5359001,19843.73443
348,55.6699982,12.5381002,17732.17613
349,55.669899,12.5423002,18478.48451
350,55.6691017,12.5443001,22377.17073
351,55.6697998,12.5464001,15508.89318
352,55.6689987,12.5485001,18211.81921
353,55.6696014,12.5506001,18608.41748
354,55.6688995,12.5525999,19798.58736
355,55.6688004,12.5567999,14231.40506
356,55.6693993,12.559,14360.19353
357,55.6688004,12.5797997,19262.05404
358,55.6677017,12.5944004,14992.56293
359,55.6683006,12.5965004,18672.65754
360,55.6675987,12.5986004,16411.35674
361,55.6674004,12.6028004,16304.34783
362,55.6671982,12.6111002,16192.19511
363,55.6678009,12.6133003,16488.89961
364,55.667099,12.6153002,15037.52696
365,55.6731987,12.4483004,14472.28399
366,55.6739006,12.4504995,14200.65705
367,55.6730995,12.4525003,15695.91667
368,55.6725998,12.4692001,15075.4955
369,55.6725006,12.4734001,16712.76763
370,55.6722984,12.4816999,14696.07284
371,55.6729012,12.4839001,13795.70082
372,55.6721001,12.4900999,16312.37638
373,55.672699,12.4923,15413.46355
374,55.6725998,12.4963999,16404.79237
375,55.6717987,12.4984999,16188.38091
376,55.6724014,12.5005999,15771.0051
377,55.6721001,12.5130997,14760.30337
378,55.671299,12.5151997,14346.41678
379,55.6715012,12.5340004,19280.30303
380,55.6707001,12.5361004,17732.42046
381,55.6713982,12.5382004,18438.17686
382,55.6706009,12.5402002,20384.61538
383,55.6711998,12.5424004,17856.6626
384,55.6711006,12.5466003,17692.76775
385,55.6710014,12.5507002,20887.14392
386,55.6701012,12.5569,19742.4883
387,55.6745987,12.4484997,15362.5
388,55.6752014,12.4505997,14849.04558
389,55.6750984,12.4547997,13901.34269
390,55.6749001,12.4631004,15535.71429
391,55.6731987,12.4986,16417.86356
392,55.6730995,12.5028,16820.18547
393,55.6721992,12.5319996,19555.97425
394,55.6727982,12.5340996,21265.99436
395,55.6721001,12.5361996,17161.01695
396,55.672699,12.5382996,20026.49485
397,55.6720009,12.5403996,18837.41405
398,55.6725998,12.5424995,18467.76061
399,55.6719017,12.5445004,15846.6976
400,55.6725006,12.5466995,18822.42041
401,55.6716995,12.5487003,17255.40804
402,55.6721992,12.5550003,11538.46154
403,55.6715012,12.5571003,19839.94866
404,55.6713982,12.5612001,16518.33656
405,55.6720009,12.5634003,12515.2943
406,55.671299,12.5654001,16759.10656
407,55.6710014,12.5738001,15711.93866
408,55.6716003,12.5759001,13157.89474
409,55.671299,12.5883999,22761.19403
410,55.6705017,12.5904999,20151.25076
411,55.6711006,12.5925999,17636.71312
412,55.6758003,12.4526997,15978.00433
413,55.675499,12.4883003,16666.66667
414,55.6748009,12.5134001,18790.02462
415,55.6747017,12.5176001,19904.0599
416,55.6735992,12.5320997,21543.94827
417,55.6735001,12.5362997,16780.82192
418,55.674099,12.5383997,18314.61742
419,55.6733017,12.5404997,18292.48644
420,55.6739998,12.5425997,19234.03605
421,55.6731987,12.5446997,20058.13953
422,55.6738014,12.5467997,20514.35156
423,55.6730995,12.5488005,16052.52663
424,55.6736984,12.5509996,17114.09396
425,55.6730003,12.5530005,18088.23529
426,55.6735992,12.5551996,14294.50038
427,55.6735001,12.5593004,17874.62814
428,55.672699,12.5614004,13793.10345
429,55.6724014,12.5739002,15389.36372
430,55.6730003,12.5760002,16144.82689
431,55.6720009,12.5864,21879.62532
432,55.6725998,12.5886002,18811.29535
433,55.6719017,12.5906,20215.19231
434,55.6725006,12.5927,20038.29657
435,55.6717987,12.5948,17855.98803
436,55.6780014,12.4507999,14711.49048
437,55.6772003,12.4528999,15121.27976
438,55.6777992,12.4549999,15553.13444
439,55.6763,12.4863005,15242.16077
440,55.6762009,12.5135002,18810.20701
441,55.6753998,12.5155001,18726.50981
442,55.6761017,12.5177002,18808.47052
443,55.6753006,12.5197001,18377.87756
444,55.6755981,12.5344,19590.64327
445,55.6753998,12.5386,17810.45752
446,55.6747017,12.5405998,16428.13499
447,55.6753006,12.5426998,20226.16801
448,55.6752014,12.5468998,18611.93723
449,55.6744995,12.5489998,16682.69231
450,55.6750984,12.5510998,18178.89493
451,55.6743011,12.5530996,18997.83996
452,55.6744003,12.5761995,15847.45763
453,55.6733017,12.5907001,20499.07663
454,55.6739006,12.5929003,20171.34032
455,55.6730995,12.5949001,22651.51515
456,55.6792984,12.4510002,13858.06726
457,55.6775017,12.4905996,4054.054054
458,55.6778984,12.5010996,18183.43937
459,55.6771011,12.5303001,19954.09679
460,55.6763,12.5324001,19636.80074
461,55.676899,12.5345001,19312.4469
462,55.6762009,12.5365,18497.45271
463,55.6767998,12.5387001,17426.86936
464,55.6761017,12.5407,17765.01185
465,55.6767006,12.5429001,14857.14286
466,55.6759987,12.5448999,17525.79979
467,55.6766014,12.5469999,18721.59183
468,55.6758003,12.5490999,19069.39083
469,55.6764984,12.5511999,17548.94232
470,55.6762009,12.5595999,14325.49505
471,55.6758003,12.5720997,21442.68775
472,55.6745987,12.5908003,16101.15378
473,55.6752014,12.5930004,20600.77519
474,55.6750984,12.5972004,19140.2996
475,55.6800995,12.4489002,14343.46667
476,55.6806984,12.4511003,14470.17005
477,55.6799011,12.4531002,14410.02563
478,55.6789017,12.4906998,13573.76857
479,55.6795006,12.4928999,19186.23436
480,55.6786003,12.4990997,16603.05344
481,55.6792984,12.5011997,16688.17204
482,55.6791,12.5053997,15679.62003
483,55.678299,12.5115995,19647.05882
484,55.6785011,12.5263004,18346.77419
485,55.6777,12.5325003,15904.67437
486,55.678299,12.5346003,17124.31658
487,55.6776009,12.5367002,15619.0183
488,55.6781998,12.5388002,20165.46604
489,55.6773987,12.5408001,18186.08341
490,55.6772995,12.5450001,20833.33333
491,55.6778984,12.5472002,16144.44444
492,55.6777992,12.5513,19144.22478
493,55.6771011,12.5534,17824.07407
494,55.6777,12.5555,19346.31086
495,55.6776009,12.5597,17294.11765
496,55.6772003,12.5721998,19646.75202
497,55.6771011,12.5763998,20492.04163
498,55.6767006,12.5888996,21025.09653
499,55.6757011,12.5993004,20167.47918
500,55.6810989,12.4846001,16169.00622
501,55.6804008,12.4867001,16680.2678
502,55.6809998,12.4888,16532.12862
503,55.6801987,12.4907999,17636.36364
504,55.6809006,12.493,19166.66667
505,55.6800995,12.4949999,18807.78554
506,55.6805,12.5054998,18444.63198
507,55.6797981,12.5074997,16913.00006
508,55.6803017,12.5138998,17587.4399
509,55.6800995,12.5180998,18836.25094
510,55.6792984,12.5242996,17274.42066
511,55.6791992,12.5284004,19800.87189
512,55.6797981,12.5305996,19042.12712
513,55.6796989,12.5347996,14428.10932
514,55.6795006,12.5389004,19165.91977
515,55.6792984,12.5473003,17070.22586
516,55.6786003,12.5493002,17363.28787
517,55.6791992,12.5515003,16372.65669
518,55.6783981,12.5535002,19270.12228
519,55.6791,12.5557003,20882.35294
520,55.6789017,12.5598001,17293.67437
521,55.6781006,12.566,12117.34694
522,55.6786995,12.5682001,21862.46622
523,55.6778984,12.5702,16326.34033
524,55.6777992,12.5743999,21995.38795
525,55.6783981,12.5764999,22237.1134
526,55.678299,12.5806999,21239.16667
527,55.6776009,12.5826998,22738.75489
528,55.6775017,12.5868998,19751.77305
529,55.6781006,12.5890999,13362.06897
530,55.6819992,12.4784002,20494.50549
531,55.6825981,12.4806004,17239.1743
532,55.6824989,12.4847002,16100.83691
533,55.6817017,12.4868002,16564.27586
534,55.6823006,12.4889002,17064.24032
535,55.6815987,12.4910002,16217.7847
536,55.6814995,12.4951,17430.55556
537,55.6819992,12.5015001,17661.29032
538,55.6810989,12.5077,17501.06659
539,55.6817017,12.5098,18942.55786
540,55.6808014,12.5201998,17683.17184
541,55.6814003,12.5223999,17687.32208
542,55.6805992,12.5243998,19343.97892
543,55.6805,12.5285997,20265.625
544,55.6809998,12.5348997,16045.38004
545,55.6800003,12.5452995,18669.7525
546,55.6806984,12.5474005,23188.4058
547,55.6799011,12.5494003,19179.76647
548,55.6805,12.5516005,18190.20679
549,55.6797981,12.5536003,13248.6754
550,55.6803017,12.5600004,15291.00405
551,55.6794014,12.5662003,13261.5
552,55.6800995,12.5683002,22701.14943
553,55.6792984,12.5703001,15935.82888
554,55.6799011,12.5725002,8103.025862
555,55.6791992,12.5745001,19439.69268
556,55.6797981,12.5767002,22628.86598
557,55.6791,12.5787001,21234.24051
558,55.6843987,12.4639997,14743.58974
559,55.6833,12.4785004,18966.66667
560,55.6837997,12.4849005,13833.33333
561,55.6831017,12.4869003,17085.19333
562,55.6837006,12.4890003,16717.10257
563,55.6829987,12.4911003,15294.61269
564,55.6836014,12.4932003,14759.03614
565,55.6825981,12.5036001,16713.90163
566,55.6824989,12.5078001,14369.26554
567,55.6822014,12.5160999,16056.70498
568,55.6828995,12.5183001,16660.28387
569,55.6827011,12.5225,18030.12365
570,55.6819992,12.5244999,19937.5
571,55.6825981,12.5267,18264.05397
572,55.6819,12.5286999,18869.21648
573,55.6818008,12.5328999,17241.30335
574,55.6823997,12.5349998,17591.28983
575,55.6815987,12.5369997,17706.18035
576,55.6823006,12.5391998,15829.69904
577,55.6814003,12.5453997,18285.71429
578,55.6813011,12.5495996,16967.04979
579,55.6819,12.5516996,17131.34382
580,55.6814995,12.5642996,20681.81818
581,55.6813011,12.5726004,17025.6728
582,55.6805992,12.5746002,20168.55258
583,55.6804008,12.5788002,12714.17971
584,55.6810989,12.5810003,16199.10626
585,55.6809006,12.5851002,21140.11392
586,55.6808014,12.5893002,19336.65008
587,55.6800995,12.5913,14046.75666
588,55.6857986,12.4640999,14877.76216
589,55.6846008,12.4827995,15944.44444
590,55.6851997,12.4849997,16320.15931
591,55.6843987,12.4870005,17450.58976
592,55.6851006,12.4891996,17287.48129
593,55.6842995,12.4912004,17105.32556
594,55.6848984,12.4933004,15624.09647
595,55.6845016,12.5101004,16386.12709
596,55.6837006,12.5121002,17928.0303
597,55.6841011,12.5226002,16510.52826
598,55.6833992,12.5246,19538.90004
599,55.6832008,12.5288,17208.83883
600,55.6831017,12.533,19407.78789
601,55.6837997,12.5351,18182.51043
602,55.6829987,12.5372,18061.90738
603,55.6836014,12.5393,18358.63687
604,55.6828995,12.5412998,17858.22049
605,55.6828003,12.5454998,16883.46203
606,55.6833992,12.5476999,16847.51905
607,55.6825981,12.5496998,18794.00864
608,55.6833,12.5517998,17800.02638
609,55.6824989,12.5538998,8467.741935
610,55.6831017,12.5559998,15585.7143
611,55.6823006,12.5621996,15358.54637
612,55.6828995,12.5643997,21377.17647
613,55.6819992,12.5705996,16923.3028
614,55.6827011,12.5726995,19450.86705
615,55.6819,12.5747995,22857.22284
616,55.6824989,12.5768995,21702.23693
617,55.6818008,12.5789003,21730.76923
618,55.6823997,12.5811005,20384.37199
619,55.6817017,12.5831003,19234.54656
620,55.6823006,12.5853004,13333.33333
621,55.6822014,12.5894003,20289.85507
622,55.6814003,12.5915003,21856.44977
623,55.6870995,12.4642,15685.71429
624,55.6864014,12.4661999,14714.72336
625,55.6859016,12.4829998,16028.16056
626,55.6857986,12.4870996,14984.68661
627,55.6864014,12.4892998,17653.06122
628,55.6856995,12.4912996,15851.75906
629,55.6860008,12.5059996,16989.89326
630,55.6851997,12.5080004,17687.07483
631,55.6851006,12.5122004,13492.06349
632,55.6856995,12.5143995,16415.09434
633,55.6850014,12.5164003,18432.44085
634,55.6856003,12.5185003,16634.5689
635,55.6848984,12.5206003,16188.81553
636,55.6847,12.5247002,20100.66049
637,55.6853981,12.5269003,20340.47426
638,55.6846008,12.5289001,20930.05833
639,55.6851997,12.5311003,19927.13003
640,55.6845016,12.5331001,13956.08308
641,55.6851006,12.5353003,17751.85884
642,55.6850014,12.5394001,20904.7619
643,55.6842003,12.5415001,15891.47287
644,55.6841011,12.5455999,18169.21463
645,55.6847,12.5478001,18008.37775
646,55.6839981,12.5497999,15650.60241
647,55.6846008,12.552,16700.50538
648,55.6838989,12.5539999,16779.53816
649,55.6842995,12.5644999,17220.92542
650,55.6834984,12.5664997,18081.04723
651,55.6841011,12.5686998,20534.71139
652,55.6833992,12.5706997,14802.5584
653,55.6833,12.5748997,20995.83416
654,55.6838989,12.5769997,18253.96825
655,55.6837997,12.5811996,21782.17822
656,55.6828003,12.5916004,19649.80545
657,55.6873016,12.4830999,15603.03312
658,55.6871986,12.4872999,17756.41026
659,55.6866989,12.5039997,16864.39058
660,55.6873016,12.5060997,15790.37024
661,55.6865997,12.5081997,19054.60916
662,55.6862984,12.5165005,13756.61376
663,55.6870003,12.5186996,17900.20263
664,55.6866989,12.5270004,18105.81014
665,55.6860008,12.5290003,19609.92683
666,55.6865997,12.5312004,18742.6382
667,55.6859016,12.5332003,18915.69277
668,55.6865005,12.5354004,17332.62247
669,55.6856995,12.5374002,15312.19444
670,55.6864014,12.5396004,16763.18277
671,55.6861,12.5479002,14927.21688
672,55.6853981,12.5499001,15587.85121
673,55.6860008,12.5521002,13499.15245
674,55.6851997,12.5541,18337.15094
675,55.6859016,12.5563002,14751.01473
676,55.6856995,12.5604,17826.69018
677,55.6856003,12.5646,19766.35514
678,55.6848984,12.5667,16461.02373
679,55.6855011,12.5688,18803.31229
680,55.6850014,12.5854998,20151.56824
681,55.6842995,12.5874996,16505.8928
682,55.6848984,12.5896997,18139.53488
683,55.6892014,12.4895,13342.06109
684,55.6880989,12.5040998,16624.97837
685,55.6887016,12.5061998,15923.07692
686,55.6885986,12.5103998,18767.91038
687,55.6873016,12.5291996,20796.5642
688,55.6879997,12.5312996,18773.16235
689,55.6871986,12.5333004,16557.97101
690,55.6878014,12.5354996,15801.81992
691,55.6870995,12.5375004,19447.33335
692,55.6876984,12.5396996,18377.27741
693,55.6870003,12.5417004,16131.30765
694,55.6875992,12.5438995,16548.52503
695,55.6875,12.5480003,19827.37487
696,55.6865997,12.5542002,16290.5478
697,55.6865005,12.5584002,19692.30769
698,55.6864014,12.5626001,16481.07582
699,55.6865005,12.5815001,19642.85714
700,55.6857986,12.5834999,19273.2486
701,55.6864014,12.5855999,17488.79155
702,55.6856003,12.5876999,15996.19166
703,55.6862984,12.5897999,18202.1304
704,55.6853981,12.5959997,22248.80383
705,55.6912003,12.4645996,13628.07765
706,55.6906013,12.4855003,16525.24971
707,55.6904984,12.4897003,18628.9025
708,55.6898003,12.4917002,15931.80077
709,55.6897011,12.4959002,14338.23529
710,55.6894989,12.5,17155.17241
711,55.6898994,12.5106001,18181.47932
712,55.6890984,12.5167999,20847.45763
713,55.6897011,12.5188999,17209.86435
714,55.6888008,12.5250998,15491.07143
715,55.6893997,12.5272999,22222.22222
716,55.6887016,12.5292997,18821.92284
717,55.6885986,12.5334997,18423.11196
718,55.6892014,12.5355997,17314.96063
719,55.6890984,12.5397997,17240.65073
720,55.6883011,12.5417995,15927.52654
721,55.6870003,12.5878,18318.18984
722,55.6875992,12.5899,20644.05488
723,55.6875,12.5941,22580.64516
724,55.6913986,12.4834003,13655.442
725,55.6908989,12.5002003,16391.4501
726,55.6913986,12.5065002,16206.89655
727,55.6907005,12.5085001,17068.96552
728,55.6912994,12.5107002,17733.03407
729,55.6904984,12.5127001,15938.61063
730,55.6912003,12.5149002,17321.90256
731,55.6903992,12.5169001,17425.39047
732,55.6910019,12.5190001,17798.6182
733,55.6907997,12.5274,19628.57143
734,55.6901016,12.5293999,20642.85714
735,55.6898994,12.5335999,19849.30424
736,55.6906013,12.5356998,16914.32821
737,55.6898003,12.5377998,17254.88636
738,55.6893005,12.5544996,17451.65041
739,55.6899986,12.5565996,22307.69231
740,55.6892014,12.5586996,14774.00585
741,55.6898003,12.5607996,13309.22201
742,55.6890984,12.5628004,16277.61897
743,55.6897011,12.5649996,15944.42378
744,55.6889,12.5712004,20583.3804
745,55.6894989,12.5733995,17239.10627
746,55.6884995,12.5837002,19091.65949
747,55.6889992,12.5901003,14321.09922
748,55.6882019,12.5921001,20345.18573
749,55.6926994,12.4835997,16802.72109
750,55.6925011,12.4919004,15363.97435
751,55.6931,12.4940996,11666.66667
752,55.6930008,12.4982996,15037.97761
753,55.6922989,12.5003004,17533.12242
754,55.6921005,12.5045004,17515.36445
755,55.6920013,12.5086002,18867.92453
756,55.6926003,12.5108004,16768.66543
757,55.6918983,12.5128002,16079.80857
758,55.6924019,12.5192003,18406.59341
759,55.6917,12.5212002,16660.17037
760,55.6922989,12.5233002,18000
761,55.6921997,12.5275002,18181.81818
762,55.6913986,12.5295,19247.81895
763,55.6920013,12.5317001,15594.82146
764,55.6918983,12.5359001,18687.21284
765,55.6917,12.5441999,14814.81481
766,55.6907005,12.5545998,19158.04341
767,55.6912994,12.5567999,17842.30926
768,55.6906013,12.5587997,21648.06428
769,55.6912003,12.5608997,22286.93723
770,55.6904984,12.5629997,19256.60227
771,55.6902008,12.5712996,16076.93355
772,55.6907997,12.5734997,20493.64614
773,55.6901016,12.5754995,18728.30189
774,55.6907005,12.5776997,19284.82792
775,55.6898003,12.5839005,19870.12987
776,55.6948013,12.4586,15785.04634
777,55.6954002,12.4608002,14156.62651
778,55.6948013,12.4816999,15156.25
779,55.6940994,12.4836998,15766.27416
780,55.6939011,12.4919996,15956.89332
781,55.6945,12.4941998,13896.1039
782,55.6936989,12.4961996,16640.58235
783,55.6934013,12.5087996,15152.65123
784,55.6940002,12.5108995,15760.10101
785,55.6930008,12.5213003,15513.01062
786,55.6935997,12.5235004,14879.00355
787,55.6929016,12.5255003,9371.425
788,55.6927986,12.5297003,20964.91228
789,55.6934013,12.5318003,20323.7754
790,55.6926994,12.5338001,15609.87936
791,55.6932983,12.5360003,17548.35632
792,55.6924019,12.5422001,18160.11501
793,55.6930008,12.5444002,16890.31008
794,55.6922989,12.5464001,17914.03256
795,55.6927986,12.5527,18750
796,55.6921005,12.5546999,20208.54084
797,55.6918983,12.5588999,19751.21734
798,55.6926003,12.5611,18881.57895
799,55.6917992,12.5630999,19924.06521
800,55.6924019,12.5651999,20689.65517
801,55.6917,12.5672998,17695.05869
802,55.6915016,12.5755997,20281.20852
803,55.6921005,12.5777998,16677.72346
804,55.6912994,12.5797997,14285.71429
805,55.6962013,12.4587002,15163.98929
806,55.6955986,12.4796,15508.47458
807,55.6952019,12.4921999,15932.21543
808,55.6950989,12.4962997,12915.66023
809,55.6957016,12.4984999,15574.5772
810,55.6949997,12.5004997,15560.00204
811,55.6940994,12.5298004,16735.75499
812,55.6948013,12.5319004,17060.35437
813,55.6940002,12.5340004,16622.89532
814,55.6944008,12.5445004,16897.67858
815,55.6936989,12.5465002,16509.33857
816,55.6934013,12.5549002,20425.37313
817,55.6932983,12.559,18882.01282
818,55.6931,12.5674,18219.17808
819,55.6932983,12.5820999,19512.19512
820,55.6926003,12.5840998,18571.42857
821,55.6968994,12.4798002,16892.16418
822,55.6971016,12.4986,15001.38666
823,55.6963997,12.5007,15731.13577
824,55.6962013,12.5047998,9970.696642
825,55.6954994,12.5298996,14745.5
826,55.6954002,12.5340996,17221.48673
827,55.6959991,12.5361996,15035.42667
828,55.6959,12.5403996,18159.67944
829,55.6952019,12.5424004,17585.49932
830,55.6958008,12.5445995,16335.8904
831,55.6949997,12.5466003,15832.89619
832,55.6957016,12.5488005,17534.59503
833,55.6949005,12.5508003,14322.0339
834,55.6943016,12.5717001,16396.88406
835,55.6948013,12.5780001,19526.4898
836,55.6939011,12.5841999,14376.3261
837,55.6938019,12.5883999,17807.11868
838,55.6992989,12.4694996,15464.37037
839,55.6973,12.5404997,17896.77908
840,55.6964989,12.5425997,19952.02766
841,55.6971016,12.5446997,19220.77922
842,55.6963997,12.5467997,14606.20997
843,55.6969986,12.5488997,15415.5816
844,55.6963005,12.5740004,20502.09333
845,55.6954002,12.5802002,16392.54386
846,55.6952019,12.5885,16106.37976
847,55.6958008,12.5907001,17861.78424
848,55.6980019,12.5384998,16750.83848
849,55.6986008,12.5407,18790.31635
850,55.6978989,12.5426998,17558.66619
851,55.6985016,12.5447998,16269.75264
852,55.6977997,12.5468998,15317.1809
853,55.6976013,12.5510998,19976.1932
854,55.6982994,12.5531998,15377.36682
855,55.6968994,12.5761003,19372.56271
856,55.6973991,12.5825005,15123.41295
857,55.696701,12.5845003,14983.19328
858,55.6973,12.5866003,16752.48408
859,55.6964989,12.5887003,12880.91351
860,55.6972008,12.5908003,18523.55698
861,55.7005997,12.4968004,13952.87772
862,55.7005997,12.5199003,15665.15282
863,55.6997986,12.5219002,15751.32602
864,55.7002983,12.5282001,18251.85916
865,55.6996002,12.5303001,17823.87061
866,55.699501,12.5345001,16154.4224
867,55.7000999,12.5366001,17653.06122
868,55.7000008,12.5408001,14767.94761
869,55.6991005,12.5469999,19885.66958
870,55.6996994,12.5490999,19573.50272
871,55.6990013,12.5511999,18972.63975
872,55.6996002,12.5532999,14990.47576
873,55.6982994,12.5762997,20195
874,55.698101,12.5804005,14857.55742
875,55.6987991,12.5825996,18951.36197
876,55.6980019,12.5846004,17849.01551
877,55.6986008,12.5867996,18150.33456
878,55.6985016,12.5909004,17286.29826
879,55.6977005,12.5972004,21019.34367
880,55.7028008,12.4677,13582.67717
881,55.7030983,12.4782,15464.28571
882,55.7029991,12.4823999,17268.04124
883,55.7028008,12.4906998,17622.95082
884,55.7019005,12.4969997,14537.66913
885,55.7024994,12.4990997,16852.8318
886,55.702301,12.5074997,14824.75186
887,55.7010994,12.5262003,17539.21206
888,55.7016983,12.5284004,16916.36336
889,55.7010002,12.5304003,17428.78401
890,55.7015991,12.5326004,16019.87169
891,55.7008018,12.5346003,13549.61832
892,55.7005997,12.5429001,17764.54619
893,55.7011986,12.5451002,18206.96461
894,55.7005005,12.5471001,19266.52405
895,55.7010994,12.5493002,19139.24897
896,55.7004013,12.5513,17731.54687
897,55.7010002,12.5535002,17603.32168
898,55.6996002,12.5763998,15238.09524
899,55.7002983,12.5784998,16468.07331
900,55.699501,12.5805998,15223.24487
901,55.7000999,12.5826998,15822.78481
902,55.6994019,12.5846996,19552.75425
903,55.7000008,12.5868998,18436.13629
904,55.6992989,12.5888996,18596.2761
905,55.6999016,12.5910997,19751.91242
906,55.7034988,12.4886999,18872.72727
907,55.7041016,12.4909,18450.63793
908,55.7033997,12.4928999,17385.62091
909,55.7033005,12.4970999,16549.48169
910,55.7038002,12.5033998,13799.46892
911,55.702301,12.5305004,14870.57399
912,55.7028999,12.5326996,14802.58412
913,55.7022018,12.5347004,15374.84031
914,55.7019997,12.5431004,18268.24242
915,55.7025986,12.5452003,15544.54942
916,55.7024994,12.5494003,15444.38347
917,55.7016983,12.5514002,17602.66412
918,55.7010002,12.5764999,17313.23722
919,55.7015991,12.5787001,14421.93564
920,55.700901,12.5806999,17862.65148
921,55.7014999,12.5827999,16476.46018
922,55.7014008,12.5869999,18874.88982
923,55.7005997,12.5889997,16990.95646
924,55.7060013,12.4511995,15240.34535
925,55.7058983,12.4784002,17241.37931
926,55.7056007,12.4868002,17272.72727
927,55.7048988,12.4888,17550.32203
928,55.7055016,12.4910002,13773.96131
929,55.7047997,12.493,16954.32006
930,55.7052994,12.4994001,13757.52555
931,55.7052002,12.5035,16358.02469
932,55.7043991,12.5056,14872.91481
933,55.7050018,12.5077,14918.8534
934,55.7038002,12.5264997,16987.47161
935,55.7043991,12.5285997,16679.69995
936,55.703701,12.5305996,18735.03521
937,55.7042999,12.5327997,19488.82386
938,55.7032013,12.5474005,16948.24416
939,55.7029991,12.5788002,17621.05335
940,55.7022018,12.5808001,19125.62355
941,55.7028999,12.5830002,16972.01236
942,55.7027016,12.5871,14256.86003
943,55.7019997,12.5892,16896.54697
944,55.7071991,12.4785995,15916.66667
945,55.7061996,12.4890003,14708.45254
946,55.7069016,12.4911003,15713.37836
947,55.7061005,12.4931002,14714.38682
948,55.7060013,12.4973001,15486.72566
949,55.7058983,12.5246,15296.96835
950,55.7052002,12.5265999,16285.22681
951,55.7057991,12.5286999,15332.15409
952,55.705101,12.5307999,13091.78679
953,55.7056999,12.5328999,16429.09339
954,55.7042999,12.5558996,19652.94444
955,55.703701,12.5768003,13647.47711
956,55.7042999,12.5789003,17257.3459
957,55.7036018,12.5809002,20091.87638
958,55.7034988,12.5851002,20079.86382
959,55.7041016,12.5873003,19678.4833
960,55.7033997,12.5893002,19271.26559
961,55.7039986,12.5914001,17184.34944
962,55.7081985,12.4912004,13924.05063
963,55.7075005,12.4933004,15916.1393
964,55.7064018,12.5309,17336.60736
965,55.7062988,12.5351,18942.65312
966,55.7069016,12.5372,17829.41633
967,55.7064018,12.5538998,20321.74385
968,55.7056999,12.5559998,19067.8795
969,55.7062988,12.5580997,16551.76961
970,55.7056999,12.5790005,19231.61848
971,55.7050018,12.5811005,21264.95551
972,55.7047997,12.5852003,18945.61295
973,55.7055016,12.5874004,17563.53756
974,55.7047005,12.5894003,19285.03379
975,55.7103004,12.4663,16024.69136
976,55.7084999,12.5290003,15579.47473
977,55.7076988,12.5352001,16618.86354
978,55.7083015,12.5373001,13793.10345
979,55.7075005,12.5394001,15577.78596
980,55.7070999,12.5560999,19998.04382
981,55.7076988,12.5583,17667.81924
982,55.7064018,12.5769997,17716.53543
983,55.7070999,12.5791998,18506.86849
984,55.7062988,12.5811996,19776.042
985,55.7069016,12.5832996,18884.50102
986,55.7061996,12.5853996,18967.16821
987,55.7067986,12.5874996,19231.87048
988,55.7102013,12.5165997,15571.14552
989,55.709301,12.5270004,16509.75306
990,55.7090988,12.5311003,16928.06256
991,55.7089996,12.5584002,16398.31125
992,55.7089005,12.5626001,12977.0545
993,55.7081985,12.5646,16454.99333
994,55.7080994,12.5688,18204.70006
995,55.7086983,12.5709,18207.54717
996,55.7085991,12.5750999,16365.361
997,55.7084007,12.5792999,17192.92494
998,55.7076988,12.5812998,16687.09268
999,55.7083015,12.5834999,19336.37612
1000,55.7075996,12.5854998,18381.52503
1001,55.7081985,12.5875998,17734.85182
1002,55.7074013,12.5896997,18304.15135
1003,55.7128983,12.4707003,13042.65391
1004,55.7122002,12.4958,16273.58491
1005,55.7116013,12.5166998,18229.84545
1006,55.7103996,12.5585003,18996.70019
1007,55.7097015,12.5605001,13155.49828
1008,55.7103004,12.5627003,12200.83937
1009,55.7094994,12.5647001,19296.09939
1010,55.7102013,12.5669003,16817.65987
1011,55.7094002,12.5689001,18106.2948
1012,55.709301,12.5731001,16784.02294
1013,55.7092018,12.5773001,15702.24719
1014,55.7098007,12.5794001,16400.29762
1015,55.7089996,12.5813999,20468.93815
1016,55.7097015,12.5836,20264.16239
1017,55.7089005,12.5855999,17051.89936
1018,55.7145996,12.4582996,14765.61196
1019,55.7111015,12.5565004,16842.10526
1020,55.7117996,12.5586004,18113.5349
1021,55.7109985,12.5607004,9558.735577
1022,55.7108994,12.5648003,18445.16595
1023,55.7114983,12.5670004,17015.91719
1024,55.7108002,12.5690002,16661.12957
1025,55.7113991,12.5712004,17911.98503
1026,55.710701,12.5732002,19607.66039
1027,55.7159996,12.4583998,14428.94737
1028,55.7153015,12.4603996,13559.36808
1029,55.7159004,12.4625998,14428.57143
1030,55.7123985,12.5607996,17323.21437
1031,55.7128983,12.5670996,17364.99636
1032,55.712101,12.5691004,16247.45745
1033,55.7127991,12.5712996,20714.28571
1034,55.7120018,12.5733004,20268.4121
1035,55.7126007,12.5754995,16752.59367
1036,55.7118988,12.5775003,17505.40718
1037,55.7165985,12.4604998,14416.49934
1038,55.713501,12.5692997,18899.15966
1039,55.7140999,12.5713997,17519.9177
1040,55.7134018,12.5733995,19387.7551
1041,55.7132988,12.5775995,14481.05034
1042,55.7181015,12.4565001,15195.07895
1043,55.7186012,12.4628,16474.69003
1044,55.714901,12.5693998,20048.36801
1045,55.7145996,12.5777998,14648.12681
1046,55.7200012,12.4629002,16675.87648
1047,55.7192001,12.4650002,16370.44064
1048,55.719101,12.4691,15089.34426
1049,55.7196999,12.4713001,14000
1050,55.7167015,12.5757999,13980.56886
1051,55.7219009,12.4420996,16345.45455
1052,55.721199,12.4441996,15618.05556
1053,55.7218018,12.4462996,13448.27586
1054,55.7210999,12.4483995,15240.00712
1055,55.7205009,12.4693003,17428.86718
1056,55.7187004,12.5551004,17633.01019
1057,55.7181015,12.5760002,16840.07217
1058,55.7173996,12.5780001,18548.7873
1059,55.7224998,12.4442997,14026.11956
1060,55.7193985,12.5530005,18382.27812
1061,55.7195015,12.5761003,16267.54898
1062,55.7187004,12.5781002,19342.18724
1063,55.7249985,12.4298,15458.65911
1064,55.7248001,12.4382,14436.68753
1065,55.7246017,12.4424,14326.08696
1066,55.7223015,12.526,17726.34318
1067,55.7219009,12.5386,15213.64483
1068,55.7234001,12.5115004,15935.82292
1069,55.7228012,12.5324001,17154.31115
1070,55.7233009,12.5387001,13869.56522
1071,55.7224998,12.5407,15270.00701
1072,55.7221985,12.5762997,16891.89189
1073,55.7228012,12.5784998,17581.30081
1074,55.7303009,12.3611002,13832.53982
1075,55.7308006,12.3674002,17714.69838
1076,55.7300987,12.3695002,15387.09677
1077,55.7270012,12.5054998,16470.58824
1078,55.7262001,12.5305996,14464.28571
1079,55.7251015,12.5452003,16377.94889
1080,55.7318001,12.3570004,14623.33333
1081,55.7280998,12.5139999,16299.87572
1082,55.7280006,12.5181999,16843.22572
1083,55.7263985,12.5725002,18602.42095
1084,55.7294006,12.5141001,14815.06089
1085,55.7286987,12.5160999,14813.1177
1086,55.7291985,12.5225,14046.75663
1087,55.7285004,12.5244999,15955.05618
1088,55.7290993,12.5265999,19047.61905
1089,55.7286987,12.5391998,18750
1090,55.7280006,12.5642996,18302.54522
1091,55.7350998,12.3593998,13191.70801
1092,55.7344017,12.3614998,14471.59049
1093,55.7303009,12.5079002,15664.5937
1094,55.7302017,12.5121002,17653.84615
1095,55.7305984,12.5226002,15350.87719
1096,55.7298012,12.5246,15683.26438
1097,55.7290993,12.5727997,18895.20548
1098,55.7358017,12.3615999,12994.50549
1099,55.7313004,12.5206003,14370.30905
1100,55.7312012,12.5247002,16319.44444
1101,55.7307014,12.5644999,20357.84099
1102,55.7299995,12.5665998,16964.06322
1103,55.7299004,12.5707998,21232.87671
1104,55.7296982,12.5748997,17333.32269
1105,55.7304001,12.5770998,22618.53448
1106,55.729599,12.5790997,25949.36709
1107,55.7336998,12.5102997,17960
1108,55.7335014,12.5144997,16060.6875
1109,55.7327995,12.5165005,14616.15549
1110,55.7326012,12.5249004,17289.71963
1111,55.7327003,12.5438004,11585.36585
1112,55.7321014,12.5647001,16456.94606
1113,55.7317009,12.5771999,25555.55556
1114,55.730999,12.5791998,23750
1115,55.7342987,12.5123997,17266.66667
1116,55.7349014,12.5145998,17739.72603
1117,55.7331009,12.5543003,16456.95364
1118,55.7364006,12.5105,13568.62745
1119,55.7355995,12.5125999,17061.53846
1120,55.7349014,12.5376997,20056.81818
1121,55.7347984,12.5417995,11900.82645
1122,55.7350998,12.5565996,19954.12844
1123,55.7342987,12.5586004,21937.9845
1124,55.7341995,12.5628004,19132.65306
1125,55.7338982,12.5711002,7683.433673
1126,55.733799,12.5753002,15562.14012
1127,55.7369995,12.5127001,16574.07407
1128,55.7374001,12.5232,16875.61656
1129,55.7370987,12.5316,12179.48718
1130,55.7363014,12.5377998,17682.92683
1131,55.7369003,12.5398998,15671.71717
1132,55.7355995,12.5628996,21419.09814
1133,55.7360992,12.5691996,17449.61577
1134,55.7392006,12.5066004,15901.29321
1135,55.737999,12.5254002,14562.0438
1136,55.7375984,12.5379,15566.03774
1137,55.7368011,12.5671997,23259.80238
1138,55.7366982,12.5713997,19161.7171
1139,55.7373009,12.5734997,20000
1140,55.7402992,12.4919996,15714.37059
1141,55.7408981,12.4941998,14921.86233
1142,55.7402,12.4961996,14895.83333
1143,55.740799,12.4982996,13679.24528
1144,55.7406998,12.5024996,17611.11111
1145,55.7400017,12.5045996,14130.43478
1146,55.7406006,12.5066996,17325.4082
1147,55.7396011,12.5171003,16201.92308
1148,55.7396011,12.5402002,19915.25424
1149,55.7391014,12.5569,20945.94595
1150,55.7384987,12.5777998,21860.16144
1151,55.7422981,12.4712,15901.97208
1152,55.7416,12.4962997,15010.5947
1153,55.7421989,12.4984999,16200
1154,55.7420006,12.5067997,15514.49843
1155,55.7417984,12.5109997,16742.42424
1156,55.7415009,12.5235996,16718.01172
1157,55.7406998,12.5256004,15994.13234
1158,55.7392998,12.5757999,21367.52137
1159,55.7398987,12.5780001,16303.06229
1160,55.7435989,12.4713001,17168.99265
1161,55.7431984,12.4881001,15727.27273
1162,55.7436981,12.4944,15090.13283
1163,55.7428017,12.5005999,12759.74026
1164,55.7431984,12.5110998,15285.71429
1165,55.7416992,12.5614004,17915.88866
1166,55.7410011,12.5634003,16791.03075
1167,55.7406006,12.5759001,22689.04483
1168,55.7412987,12.5781002,19536.85438
1169,55.7405014,12.5801001,22256.09756
1170,55.7499008,12.3186998,14098.36066
1171,55.7491989,12.3207998,14173.8646
1172,55.7443008,12.4966002,17402.5974
1173,55.7448997,12.4987001,17575.75758
1174,55.7435989,12.5216999,16101.1236
1175,55.7436981,12.5405998,26718.58667
1176,55.7429008,12.5467997,16173.91304
1177,55.7425003,12.5593004,12312.42786
1178,55.7424011,12.5635004,19595.42536
1179,55.7420006,12.5761003,23422.4671
1180,55.7467995,12.4820995,16250
1181,55.7459984,12.4841003,13591.85175
1182,55.7464981,12.4905005,15812.92654
1183,55.7459984,12.5072002,15201.47268
1184,55.7453003,12.5092001,13278.68852
1185,55.7443008,12.5426998,19710.87932
1186,55.7440987,12.5741997,25116.82243
1187,55.7475014,12.4800997,15250.49104
1188,55.7477989,12.4947996,16751.74685
1189,55.7458,12.5387001,18274.69136
1190,55.7463989,12.5408001,21443.18997
1191,55.7453003,12.5553999,17669.17293
1192,55.7496986,12.474,15096.32346
1193,55.7490997,12.4948997,14870.81524
1194,55.7477989,12.5178003,16428.57143
1195,55.7484016,12.5200005,17323.73506
1196,55.7477989,12.5409002,20463.2039
1197,55.7462997,12.5681,22184.87395
1198,55.7547989,12.3401003,5146.25
1199,55.7504997,12.4719,17821.42857
1200,55.7510986,12.4741001,16525.42373
1201,55.7499008,12.4928999,15953.80195
1202,55.7504997,12.4949999,12624.4585
1203,55.7496986,12.4969997,16317.38636
1204,55.7499008,12.5158997,14529.41176
1205,55.7490997,12.5179996,15716.19574
1206,55.7498016,12.5200996,15365.57476
1207,55.7491989,12.5410995,20875.78782
1208,55.7489014,12.5494003,12363.63636
1209,55.7481995,12.5515003,13269.23077
1210,55.7482986,12.5703001,19470.19868
1211,55.7518005,12.4721003,16338.02817
1212,55.7518997,12.4951,17021.60238
1213,55.7504997,12.5180998,16632.81168
1214,55.7510986,12.5201998,16041.62171
1215,55.7504005,12.5222998,18416.67157
1216,55.7532005,12.4722004,14057.97101
1217,55.7532005,12.4953003,16799.13202
1218,55.7518997,12.5181999,17122.46352
1219,55.7524986,12.5204,16080.06669
1220,55.7543983,12.4764996,16620.37037
1221,55.7542,12.4849005,18452.38095
1222,55.7547989,12.4870005,17658.99154
1223,55.7523994,12.5706997,19239.07131
1224,55.7512016,12.5895004,18815.47619
1225,55.7563019,12.4828997,15465.11628
1226,55.7531013,12.5686998,20004.33357
1227,55.7533989,12.5833998,20091.22368
1228,55.7584,12.4579,14818.84058
1229,55.7575989,12.46,18137.2549
1230,55.7547989,12.5604,20404.41176
1231,55.7552986,12.5668001,24705.88235
1232,55.7545013,12.5688,17857.14286
1233,55.7598,12.4539003,17318.84058
1234,55.7597008,12.4581003,16684.83274
1235,55.7593002,12.4748001,13924.73118
1236,55.7583008,12.4851999,14285.71429
1237,55.7565994,12.5669003,19019.37724
1238,55.7565002,12.5711002,18677.39674
1239,55.7564011,12.5753002,22706.42202
1240,55.7612,12.4540005,15124.36634
1241,55.7605019,12.4560003,15941.82367
1242,55.7611008,12.4582005,16894.49318
1243,55.7610016,12.4624004,16810.34483
1244,55.7599983,12.4959002,16048.14493
1245,55.7582016,12.5355997,17767.85714
1246,55.7580986,12.5628004,16666.66667
1247,55.7571983,12.5691004,21149.9183
1248,55.7577019,12.5754004,17116.48575
1249,55.7574005,12.5880003,17404.03014
1250,55.7621002,12.4477997,14610.38336
1251,55.7625999,12.4540997,15821.07767
1252,55.7617989,12.4561996,16562.88305
1253,55.7625008,12.4582996,16845.41623
1254,55.7616997,12.4603004,15349.6856
1255,55.7607994,12.4938002,16027.44773
1256,55.7613983,12.4960003,14821.42857
1257,55.7603989,12.5295,18159.17876
1258,55.7588005,12.5607996,20454.54545
1259,55.7594986,12.5629997,17869.26475
1260,55.7593002,12.5671997,17763.15789
1261,55.7591019,12.5754995,18818.09154
1262,55.7580986,12.5859003,18985.52455
1263,55.7587013,12.5881004,21187.81543
1264,55.7579002,12.5943003,22670.63492
1265,55.7633018,12.4751997,17553.19149
1266,55.7625999,12.4771996,16251.10816
1267,55.7630997,12.4835997,16025.64103
1268,55.762001,12.5212002,11682.24299
1269,55.7619019,12.5254002,19444.44444
1270,55.7612,12.5274,17550.23775
1271,55.7601013,12.5650997,19839.11111
1272,55.760601,12.5714998,19300.90584
1273,55.7598,12.5734997,21104.49224
1274,55.7605019,12.5756998,16002.6003
1275,55.7602997,12.5797997,16129.03226
1276,55.7602005,12.5839996,16933.96226
1277,55.7594986,12.5860996,22151.89873
1278,55.7645988,12.4794998,15000
1279,55.7639008,12.4814997,15540.97169
1280,55.7644997,12.4836998,18209.32108
1281,55.7644005,12.4878998,18370.19231
1282,55.7639999,12.5003996,17543.39836
1283,55.7633018,12.5024996,19642.85714
1284,55.7639008,12.5045996,16583.33333
1285,55.7630997,12.5066004,19391.96153
1286,55.763401,12.5214005,12981.94713
1287,55.7625008,12.5276003,14090.90909
1288,55.7617989,12.5757999,17767.6919
1289,55.7616997,12.5799999,18050
1290,55.7616005,12.5841999,18392.46622
1291,55.7612,12.5966997,19863.0137
1292,55.7650986,12.4857998,16104.6859
1293,55.7649994,12.4899998,18181.81818
1294,55.7653999,12.5004997,17500
1295,55.7645988,12.5025997,17506.95804
1296,55.7652016,12.5046997,17834.65957
1297,55.7644997,12.5067997,15775.27829
1298,55.764801,12.5214996,14361.70213
1299,55.7625999,12.5738001,23771.05329
1300,55.7631989,12.5759001,19074.045
1301,55.7624016,12.5778999,17676.10354
1302,55.7629013,12.5843,17446.40535
1303,55.7621994,12.5862999,17827.51664
1304,55.7625999,12.5967999,19402.9079
1305,55.764801,12.5677004,22754.49102
1306,55.7638016,12.5781002,20241.52999
1307,55.7644005,12.5802002,19704.06251
1308,55.7635994,12.5864,16770.1912
1309,55.7675018,12.4986,16502.02431
1310,55.7681007,12.5008001,15631.75191
1311,55.7672005,12.507,14098.19483
1312,55.7677002,12.5132999,17500
1313,55.7658005,12.5803003,21521.73913
1314,55.7649994,12.5824003,20170.88741
1315,55.7657013,12.5845003,18196.06932
1316,55.7689018,12.4946003,16308.38583
1317,55.7695999,12.4967003,17644.46617
1318,55.7687988,12.4988003,17843.13725
1319,55.7686005,12.5071001,13846.15385
1320,55.7691994,12.5093002,19107.14286
1321,55.7663994,12.5825005,18947.74157
1322,55.7669983,12.5846996,17856.66938
1323,55.7703018,12.4947004,19328.35821
1324,55.7700005,12.5073004,19285.71429
1325,55.7705994,12.5094004,17559.21656
1326,55.7677994,12.5825996,18833.33333
1327,55.7717018,12.4947996,18981.48148
1328,55.7715988,12.4989996,18198.41791
1329,55.7722015,12.5011997,18086.65472
1330,55.7695007,12.5932999,24624.06015
1331,55.7747002,12.5098,11538.33333
1332,55.776001,12.5099001,17038.67455
1333,55.7752991,12.5118999,18107.12668
1334,55.7767982,12.5079002,18464.94032
1335,55.7751007,12.5895996,22500
1336,55.7764015,12.5896997,25746.26866
1337,55.7807999,12.4850998,17391.30435
1338,55.7778015,12.5897999,22875.81699
1339,55.7890015,12.4628,15288.46154
1340,55.7896004,12.4649,16254.46281
1341,55.7888985,12.4668999,15865.38462
1342,55.7910995,12.4608002,16964.28571
1343,55.7902985,12.4629002,16847.47361
1344,55.7916985,12.4861002,13571.42857
1345,55.7904015,12.5321999,15539.19225
1346,55.7879982,12.5929003,20330.57851
1347,55.7928009,12.4715004,19107.78985
1348,55.7933006,12.4778004,17997.93239
1349,55.7918015,12.5323,16461.22239
1350,55.7910004,12.5344,14329.45042
1351,55.7901001,12.5909996,19476.19048
1352,55.7943001,12.4673996,17030.52503
1353,55.794899,12.4695997,16048.84808
1354,55.7942009,12.4715996,17022.48559
1355,55.7941017,12.4757996,17349.8968
1356,55.7947006,12.4779997,17380.93674
1357,55.7939987,12.4799995,18872.15731
1358,55.7938004,12.4841995,15429.89418
1359,55.7939987,12.5031004,16092.89617
1360,55.7937012,12.5115004,16355.47201
1361,55.7924004,12.5345001,15353.93709
1362,55.7956009,12.4716997,16853.49876
1363,55.7952995,12.4800997,18107.13039
1364,55.7952003,12.4842997,16032.6087
1365,55.7952995,12.5031996,17799.63389
1366,55.7946014,12.5052996,15491.7012
1367,55.7944984,12.5094995,16878.61311
1368,55.7951012,12.5115995,17891.27273
1369,55.7943993,12.5136003,17280.70175
1370,55.7938004,12.5346003,14385.56068
1371,55.7974014,12.4782,15673.22815
1372,55.7966995,12.4801998,15564.31512
1373,55.7960014,12.5053997,16915.69235
1374,55.7961006,12.5242996,16443.29897
1375,55.7951012,12.5347004,15094.17391
1376,55.7980003,12.4804001,15644.95305
1377,55.7977982,12.5118999,19551.28205
1378,55.7965012,12.5347996,17096.77419
